X,Y,LS,lowCI,upCI,Xs,Ys,Len,Delay,P,PCC,Ppcc,SPCC,Pspcc,Dspcc,SCC,Pscc,SSCC,Psscc,Dsscc,Q,Qpcc,Qspcc,Qscc,Qsscc,Xi,Yi
f1,f2,-0.349677,-0.349677,-0.349677,3,3,2,0,1.0,-0.512027,0.487973,0.520401,0.651565,1,-0.210819,0.789181,0.5,0.666667,1,1.0,0.73196,0.782394,0.947018,0.8,1,2
f1,f3,0.349677,0.349677,0.349677,3,3,2,0,1.0,0.217606,0.782394,0.217606,0.782394,0,0.210819,0.789181,-0.5,0.666667,1,1.0,0.782394,0.782394,0.947018,0.8,1,3
f2,f3,-1.05932,-1.05932,-1.05932,1,1,4,0,0.084,-0.827992,0.172008,0.991241,0.084323,-1,-1.0,0.0,-1.0,0.0,0,0.252,0.516024,0.25297,0.0,0.0,2,3
